,Metropolitan Areas,GDP 2017,Unemployment Rate Jul 2017,Quarterly Income,Total Income,Avg Income,% Households with Internet,Pop Est Jul 2018
643,"Aberdeen, SD",,,,,,,43191.0
644,"Aberdeen, WA",,,,,,,73901.0
0,"Abilene, TX","6,749",3.3,"4,277","703,615,180",801,68.90%,171451.0
645,"Ada, OK",,,,,,,38247.0
1197,"Adjuntas, PR",,,,,,,17302.0
646,"Adrian, MI",,,,,,,98266.0
376,"Aguadilla-Isabela, PR",,,"3,648","304,855,671",455,,289735.0
1,"Akron, OH","32,386",4.6,"17,670","3,784,546,233",901,68.20%,704845.0
647,"Alamogordo, NM",,,,,,,66781.0
2,"Albany, GA","4,664",4.4,"3,300","598,604,319",771,,153009.0
3,"Albany, OR","3,630",5.0,"3,663","547,388,461",895,,127335.0
4,"Albany-Schenectady-Troy, NY","46,524",3.6,"23,739","5,904,437,159","1,024",,883169.0
648,"Albemarle, NC",,,,,,,62075.0
649,"Albert Lea, MN",,,,,,,30444.0
650,"Albertville, AL",,,,,,,96109.0
5,"Albuquerque, NM","38,523",5.4,"23,200","4,308,245,919",876,77.10%,915927.0
651,"Alexander City, AL",,,,,,,40497.0
6,"Alexandria, LA","5,129",5.7,"3,930","602,450,530",772,,153044.0
652,"Alexandria, MN",,,,,,,37964.0
429,"Alexandria, VA",,,,,,88.80%,
653,"Alice, TX",,,,,,,40822.0
573,"Allentown, PA",,,,,,71.50%,
7,"Allentown-Bethlehem-Easton, PA-NJ","38,613",4.5,"19,506","4,384,208,529",943,,842913.0
654,"Alma, MI",,,,,,,40599.0
655,"Alpena, MI",,,,,,,28360.0
8,"Altoona, PA","4,690",4.8,"3,378","594,241,792",780,,122492.0
656,"Altus, OK",,,,,,,24949.0
9,"Amarillo, TX","12,238",2.8,"6,857","1,304,236,790",873,75.40%,265947.0
657,"Americus, GA",,,,,,,34969.0
10,"Ames, IA","4,461",2.2,"2,637","583,033,680",940,,98105.0
658,"Amsterdam, NY",,,,,,,49455.0
482,"Anaheim, CA",,,,,,83.50%,
620,"Anaheim-Santa Ana-Irvine, CA Metro Division",,,,,,,3185968.0
447,"Anchorage municipality, AK",,,,,,87.20%,
11,"Anchorage, AK","24,682",5.1,"10,401","2,416,436,500","1,077",,399148.0
659,"Andrews, TX",,,,,,,18128.0
660,"Angola, IN",,,,,,,34586.0
12,"Ann Arbor, MI","20,545",4.2,"8,361","3,128,749,125","1,143",90.80%,370963.0
13,"Anniston-Oxford-Jacksonville, AL","3,419",3.5,"2,560","437,327,209",757,,114277.0
476,"Antioch, CA",,,,,,83.90%,
14,"Appleton, WI","11,412",3.1,"6,269","1,402,283,172",878,,237524.0
661,"Arcadia, FL",,,,,,,37489.0
662,"Ardmore, OK",,,,,,,48177.0
377,"Arecibo, PR",,,"2,108","190,223,107",435,,174271.0
663,"Arkadelphia, AR",,,,,,,22061.0
664,"Arkansas City-Winfield, KS",,,,,,,35218.0
500,"Arlington, TX",,,,,,81.10%,
406,"Arlington, VA",,,,,,91.50%,
434,"Arvada, CO",,,,,,88.40%,
15,"Asheville, NC","17,329",3.5,"14,316","1,985,267,564",793,,459585.0
665,"Ashland, OH",,,,,,,53745.0
666,"Ashtabula, OH",,,,,,,97493.0
667,"Astoria, OR",,,,,,,39764.0
668,"Atchison, KS",,,,,,,16193.0
669,"Athens, OH",,,,,,,65818.0
670,"Athens, TN",,,,,,,53285.0
671,"Athens, TX",,,,,,,82299.0
16,"Athens-Clarke County, GA","8,482",3.5,"4,787","968,571,270",839,76%,211306.0
517,"Atlanta, GA",,,,,,79.20%,
17,"Atlanta-Sandy Springs-Roswell, GA","334,488",3.5,"153,480","37,518,911,015","1,098",,5949951.0
18,"Atlantic City-Hammonton, NJ","11,233",4.5,"6,480","1,461,532,428",851,,265429.0
672,"Atmore, AL",,,,,,,36748.0
673,"Auburn, IN",,,,,,,43226.0
674,"Auburn, NY",,,,,,,77145.0
19,"Auburn-Opelika, AL","4,715",2.8,"3,220","563,059,406",726,,163941.0
579,"Augusta-Richmond County, GA",,,,,,70.40%,
20,"Augusta-Richmond County, GA-SC","20,911",4.0,"11,241","2,618,807,283",896,,604167.0
675,"Augusta-Waterville, ME",,,,,,,122083.0
474,"Aurora, CO",,,,,,84.40%,
477,"Aurora, IL",,,,,,83.90%,
676,"Austin, MN",,,,,,,40011.0
461,"Austin, TX",,,,,,85.10%,
21,"Austin-Round Rock, TX","135,072",2.9,"60,009","15,439,625,984","1,163",,2168316.0
677,"Bainbridge, GA",,,,,,,26575.0
22,"Bakersfield, CA","33,594",8.4,"19,882","3,773,359,287",873,79.20%,896764.0
582,"Baltimore, MD",,,,,,69.60%,
23,"Baltimore-Columbia-Towson, MD","165,903",4.1,"72,331","19,415,214,047","1,112",,2802789.0
24,"Bangor, ME","5,252",2.5,"4,564","750,391,502",823,,151096.0
678,"Baraboo, WI",,,,,,,64249.0
679,"Bardstown, KY",,,,,,,45851.0
25,"Barnstable Town, MA","9,837",2.7,"9,503","1,251,854,673",875,,213413.0
680,"Barre, VT",,,,,,,58140.0
681,"Bartlesville, OK",,,,,,,51843.0
682,"Bastrop, LA",,,,,,,25398.0
683,"Batavia, NY",,,,,,,57511.0
684,"Batesville, AR",,,,,,,37678.0
26,"Baton Rouge, LA","45,015",4.8,"23,707","4,924,625,047",980,72.50%,831310.0
27,"Battle Creek, MI","5,354",5.2,"2,257","691,092,394",970,,134487.0
28,"Bay City, MI","2,851",5.5,"2,089","350,387,580",791,,103923.0
685,"Bay City, TX",,,,,,,36552.0
686,"Beatrice, NE",,,,,,,21493.0
596,"Beaumont, TX",,,,,,65.60%,
29,"Beaumont-Port Arthur, TX","20,143",6.0,"8,323","2,132,245,142","1,027",,409526.0
687,"Beaver Dam, WI",,,,,,,87847.0
30,"Beckley, WV","3,957",4.7,"3,207","418,681,564",776,,117272.0
688,"Bedford, IN",,,,,,,45668.0
689,"Beeville, TX",,,,,,,32587.0
690,"Bellefontaine, OH",,,,,,,45358.0
395,"Bellevue, WA",,,,,,93.60%,
31,"Bellingham, WA","9,276",5.4,"7,417","1,078,426,342",899,,225685.0
691,"Bemidji, MN",,,,,,,46847.0
32,"Bend-Redmond, OR","8,780",3.9,"8,897","943,159,732",863,,191996.0
692,"Bennettsville, SC",,,,,,,26398.0
693,"Bennington, VT",,,,,,,35631.0
413,"Berkeley, CA",,,,,,90.80%,
694,"Berlin, NH-VT",,,,,,,37839.0
695,"Big Rapids, MI",,,,,,,43545.0
696,"Big Spring, TX",,,,,,,37847.0
697,"Big Stone Gap, VA",,,,,,,56503.0
33,"Billings, MT","8,563",2.8,"7,386","970,357,366",880,82%,171677.0
34,"Binghamton, NY","8,524",4.5,"5,379","1,085,284,705",857,,240219.0
603,"Birmingham, AL",,,,,,61%,
35,"Birmingham-Hoover, AL","55,927",2.7,"29,685","6,316,895,109",980,,1151801.0
36,"Bismarck, ND","6,921",2.2,"5,042","865,268,904",955,,132678.0
698,"Blackfoot, ID",,,,,,,46236.0
37,"Blacksburg-Christiansburg-Radford, VA","6,134",3.2,"4,427","774,059,000",854,,184029.0
38,"Bloomington, IL","10,924",4.1,"3,729","1,113,891,188",979,,188597.0
39,"Bloomington, IN","6,355",4.0,"3,323","733,108,020",832,,167762.0
40,"Bloomsburg-Berwick, PA","3,566",4.6,"2,012","503,399,144",960,,83696.0
699,"Bluefield, WV-VA",,,,,,,99986.0
700,"Blytheville, AR",,,,,,,41239.0
701,"Bogalusa, LA",,,,,,,46582.0
41,"Boise City, ID","29,425",2.8,"22,966","3,689,384,296",872,84.10%,730426.0
702,"Bonham, TX",,,,,,,35286.0
703,"Boone, IA",,,,,,,26346.0
704,"Boone, NC",,,,,,,55945.0
705,"Borger, TX",,,,,,,21198.0
509,"Boston, MA",,,,,,80.10%,
609,"Boston, MA Metro Division",,,,,,,2030772.0
378,"Boston-Cambridge-Newton, MA-NH",,,"168,691","48,985,760,615","1,407",,4875390.0
42,"Boulder, CO","22,601",2.4,"15,824","3,138,365,992","1,305",92.70%,326078.0
43,"Bowling Green, KY","6,283",4.8,"4,444","735,473,657",772,,177432.0
706,"Bozeman, MT",,,,,,,111876.0
707,"Bradford, PA",,,,,,,40968.0
708,"Brainerd, MN",,,,,,,94408.0
709,"Branson, MO",,,,,,,87601.0
710,"Breckenridge, CO",,,,,,,31007.0
44,"Bremerton-Silverdale, WA","9,867",5.1,"6,890","1,158,341,488",981,,269805.0
711,"Brenham, TX",,,,,,,35108.0
712,"Brevard, NC",,,,,,,34215.0
553,"Bridgeport, CT",,,,,,75.70%,
45,"Bridgeport-Stamford-Norwalk, CT","82,721",3.6,"36,092","7,984,915,347","1,461",,943823.0
437,"Broken Arrow, OK",,,,,,88%,
713,"Brookhaven, MS",,,,,,,34205.0
714,"Brookings, OR",,,,,,,22813.0
715,"Brookings, SD",,,,,,,35232.0
716,"Brownsville, TN",,,,,,,17335.0
602,"Brownsville, TX",,,,,,61.10%,
46,"Brownsville-Harlingen, TX","8,777",5.8,"6,566","1,139,056,160",632,,423908.0
717,"Brownwood, TX",,,,,,,37924.0
47,"Brunswick, GA","3,422",3.5,"3,054","459,269,459",817,,118456.0
718,"Bucyrus, OH",,,,,,,41550.0
591,"Buffalo, NY",,,,,,67.40%,
48,"Buffalo-Cheektowaga-Niagara Falls, NY","50,980",4.3,"29,261","6,333,678,524",905,,1130152.0
441,"Burbank, CA",,,,,,87.70%,
719,"Burley, ID",,,,,,,44689.0
720,"Burlington, IA-IL",,,,,,,45847.0
49,"Burlington, NC","4,723",4.4,"3,471","591,150,926",751,,166436.0
50,"Burlington-South Burlington, VT","12,368",1.8,"8,572","1,577,137,262",990,,221083.0
721,"Butte-Silver Bow, MT",,,,,,,34993.0
722,"Cadillac, MI",,,,,,,48579.0
723,"Calhoun, GA",,,,,,,57685.0
51,"California-Lexington Park, MD","5,585",4.2,"2,183","729,830,429","1,250",,112664.0
448,"Cambridge, MA",,,,,,87%,
724,"Cambridge, MD",,,,,,,31998.0
725,"Cambridge, OH",,,,,,,39022.0
610,"Cambridge-Newton-Framingham, MA Metro Division",,,,,,,2405352.0
726,"Camden, AR",,,,,,,28883.0
630,"Camden, NJ Metro Division",,,,,,,1243870.0
727,"Campbellsville, KY",,,,,,,25549.0
729,"Canton, IL",,,,,,,34844.0
52,"Canton-Massillon, OH","14,901",4.6,"9,175","1,711,120,025",790,,398655.0
436,"Cape Coral, FL",,,,,,88.20%,
53,"Cape Coral-Fort Myers, FL","24,234",3.4,"22,485","2,741,743,002",823,,754610.0
54,"Cape Girardeau, MO-IL","3,736",3.7,"3,152","418,390,772",740,,96982.0
55,"Carbondale-Marion, IL","4,584",4.2,"2,565","541,853,833",791,,124475.0
414,"Carlsbad, CA",,,,,,90.80%,
730,"Carlsbad-Artesia, NM",,,,,,,57900.0
731,"Carroll, IA",,,,,,,20154.0
471,"Carrollton, TX",,,,,,84.40%,
56,"Carson City, NV","3,020",4.1,"2,095","375,342,672",963,,55414.0
392,"Cary, NC",,,,,,95.50%,
57,"Casper, WY","5,426",3.9,"3,567","479,992,974",955,,79115.0
728,"Cañon City, CO",,,,,,,48021.0
732,"Cedar City, UT",,,,,,,52775.0
58,"Cedar Rapids, IA","16,448",2.9,"8,245","1,875,225,202","1,013",81.30%,272295.0
733,"Cedartown, GA",,,,,,,42470.0
734,"Celina, OH",,,,,,,40959.0
391,"Centennial, CO",,,,,,96%,
735,"Central City, KY",,,,,,,30774.0
736,"Centralia, IL",,,,,,,37620.0
737,"Centralia, WA",,,,,,,79604.0
59,"Chambersburg-Waynesboro, PA","4,805",4.0,"3,302","657,953,299",846,,154835.0
60,"Champaign-Urbana, IL","10,500",4.2,"4,800","1,151,799,179",901,,239643.0
410,"Chandler, AZ",,,,,,91%,
491,"Charleston, SC",,,,,,82.20%,
61,"Charleston, WV","11,143",4.5,"6,284","1,223,340,078",909,,211037.0
738,"Charleston-Mattoon, IL",,,,,,,61693.0
62,"Charleston-North Charleston, SC","36,074",2.8,"21,400","4,043,670,674",905,,787643.0
494,"Charlotte, NC",,,,,,82%,
63,"Charlotte-Concord-Gastonia, NC-SC","146,630",4.0,"70,022","15,912,144,965","1,032",,2569213.0
64,"Charlottesville, VA","11,510",2.7,"8,503","1,455,092,769","1,004",,235232.0
574,"Chattanooga, TN",,,,,,71.40%,
65,"Chattanooga, TN-GA","23,425",4.0,"12,542","2,843,812,380",879,,560793.0
478,"Chesapeake, VA",,,,,,83.80%,
66,"Cheyenne, WY","4,820",3.6,"3,669","539,077,537",895,,98976.0
557,"Chicago, IL",,,,,,75.10%,
612,"Chicago-Naperville-Arlington Heights, IL Metro Division",,,,,,,7288849.0
67,"Chicago-Naperville-Elgin, IL-IN-WI","583,137",4.1,"250,287","67,137,656,373","1,137",,9498716.0
68,"Chico, CA","6,996",5.4,"8,699","910,196,918",828,,231256.0
739,"Chillicothe, OH",,,,,,,76931.0
479,"Chula Vista, CA",,,,,,83.60%,
581,"Cincinnati, OH",,,,,,69.70%,
69,"Cincinnati, OH-KY-IN","119,223",4.2,"54,731","13,972,808,850","1,016",,2190209.0
740,"Claremont-Lebanon, NH-VT",,,,,,,217215.0
741,"Clarksburg, WV",,,,,,,92822.0
742,"Clarksdale, MS",,,,,,,22628.0
489,"Clarksville, TN",,,,,,82.70%,
70,"Clarksville, TN-KY","9,623",5.2,"5,168","861,633,044",754,,292264.0
743,"Clearlake, CA",,,,,,,64382.0
548,"Clearwater, FL",,,,,,76.30%,
744,"Cleveland, MS",,,,,,,31333.0
599,"Cleveland, OH",,,,,,63.90%,
71,"Cleveland, TN","3,752",4.8,"2,180","433,320,731",762,,123625.0
72,"Cleveland-Elyria, OH","120,380",5.1,"55,918","13,162,426,856",988,,2057009.0
745,"Clewiston, FL",,,,,,,41556.0
746,"Clinton, IA",,,,,,,46518.0
747,"Clovis, NM",,,,,,,49437.0
1198,"Coamo, PR",,,,,,,37845.0
1199,"Coco, PR",,,,,,,27083.0
73,"Coeur d'Alene, ID","5,128",3.0,"5,531","625,936,925",751,,161505.0
748,"Coffeyville, KS",,,,,,,32120.0
749,"Coldwater, MI",,,,,,,43622.0
400,"College Station, TX",,,,,,92%,
74,"College Station-Bryan, TX","8,972",3.1,"5,443","1,156,000,579",793,,262431.0
75,"Colorado Springs, CO","28,886",3.4,"21,322","3,533,683,083",951,86.80%,738939.0
76,"Columbia, MO","7,963",2.9,"4,832","1,017,831,459",837,87.30%,180005.0
77,"Columbia, SC","35,421",3.1,"19,284","4,124,610,176",849,74%,832666.0
564,"Columbus, GA",,,,,,74%,
78,"Columbus, GA-AL","11,596",4.4,"6,050","1,205,901,072",797,,305451.0
79,"Columbus, IN","5,236",2.6,"1,929","666,102,791",996,,82753.0
750,"Columbus, MS",,,,,,,58930.0
751,"Columbus, NE",,,,,,,33363.0
80,"Columbus, OH","117,250",3.9,"49,312","13,800,633,520","1,022",80%,2106541.0
459,"Concord, CA",,,,,,85.20%,
752,"Concord, NH",,,,,,,151132.0
753,"Connersville, IN",,,,,,,23047.0
754,"Cookeville, TN",,,,,,,112669.0
755,"Coos Bay, OR",,,,,,,64389.0
401,"Coral Springs, FL",,,,,,92%,
756,"Cordele, GA",,,,,,,22601.0
757,"Corinth, MS",,,,,,,36925.0
758,"Cornelia, GA",,,,,,,45388.0
759,"Corning, NY",,,,,,,95796.0
444,"Corona, CA",,,,,,87.50%,
81,"Corpus Christi, TX","18,738",4.5,"10,128","2,199,582,806",902,77.90%,452950.0
760,"Corsicana, TX",,,,,,,49565.0
761,"Cortland, NY",,,,,,,47823.0
82,"Corvallis, OR","4,375",3.8,"2,784","479,876,411",999,,92101.0
762,"Coshocton, OH",,,,,,,36629.0
416,"Costa Mesa, CA",,,,,,90.60%,
763,"Craig, CO",,,,,,,13188.0
764,"Crawfordsville, IN",,,,,,,38346.0
765,"Crescent City, CA",,,,,,,27828.0
83,"Crestview-Fort Walton Beach-Destin, FL","12,525",2.8,"9,264","1,182,763,714",816,,278644.0
766,"Crossville, TN",,,,,,,59673.0
767,"Cullman, AL",,,,,,,83442.0
768,"Cullowhee, NC",,,,,,,43327.0
84,"Cumberland, MD-WV","2,824",5.9,"2,122","345,811,734",732,,97915.0
572,"Dallas, TX",,,,,,71.50%,
85,"Dallas-Fort Worth-Arlington, TX","479,678",3.4,"183,257","52,426,796,383","1,140",,7539711.0
616,"Dallas-Plano-Irving, TX Metro Division",,,,,,,5007190.0
86,"Dalton, GA","5,870",4.6,"2,694","685,356,070",796,,143983.0
470,"Daly City, CA",,,,,,84.60%,
87,"Danville, IL","2,501",5.4,"1,359","275,116,650",801,,76806.0
769,"Danville, KY",,,,,,,54744.0
770,"Danville, VA",,,,,,,101642.0
88,"Daphne-Fairhope-Foley, AL","6,302",2.5,"6,328","682,223,369",696,,218022.0
566,"Davenport, IA",,,,,,73.30%,
89,"Davenport-Moline-Rock Island, IA-IL","17,440",3.9,"9,904","2,133,873,485",900,,381451.0
90,"Dayton, OH","35,397",4.5,"17,802","4,427,395,842",916,65.80%,806548.0
771,"Dayton, TN",,,,,,,33044.0
776,"DeRidder, LA",,,,,,,37253.0
91,"Decatur, AL","4,654",2.7,"3,233","576,121,127",826,,152046.0
92,"Decatur, IL","5,315",5.4,"2,181","616,462,734",954,,104712.0
772,"Decatur, IN",,,,,,,35636.0
773,"Defiance, OH",,,,,,,38165.0
774,"Del Rio, TX",,,,,,,49208.0
93,"Deltona-Daytona Beach-Ormond Beach, FL","14,888",3.7,"17,027","1,864,891,390",735,,659605.0
775,"Deming, NM",,,,,,,23963.0
446,"Denton, TX",,,,,,87.30%,
502,"Denver, CO",,,,,,80.80%,
94,"Denver-Aurora-Lakewood, CO","185,942",2.7,"105,392","23,432,376,277","1,206",,2932415.0
547,"Des Moines, IA",,,,,,76.30%,
95,"Des Moines-West Des Moines, IA","49,031",2.6,"22,288","4,875,986,432","1,020",,655409.0
605,"Detroit, MI",,,,,,60.10%,
618,"Detroit-Dearborn-Livonia, MI Metro Division",,,,,,,1753893.0
96,"Detroit-Warren-Dearborn, MI","228,069",5.3,"98,917","27,329,195,122","1,091",,4326442.0
777,"Dickinson, ND",,,,,,,30997.0
778,"Dixon, IL",,,,,,,34223.0
779,"Dodge City, KS",,,,,,,33888.0
97,"Dothan, AL","4,635",3.0,"3,799","580,742,042",792,,148245.0
780,"Douglas, GA",,,,,,,43093.0
98,"Dover, DE","6,264",4.5,"4,272","734,963,255",852,,178550.0
510,"Downey, CA",,,,,,80.10%,
782,"DuBois, PA",,,,,,,79388.0
781,"Dublin, GA",,,,,,,57033.0
99,"Dubuque, IA","5,304",2.4,"3,323","645,430,741",842,,96854.0
100,"Duluth, MN-WI","11,564",4.1,"7,293","1,446,175,535",870,,278799.0
783,"Dumas, TX",,,,,,,21485.0
784,"Duncan, OK",,,,,,,43265.0
785,"Dunn, NC",,,,,,,134214.0
786,"Durango, CO",,,,,,,56310.0
787,"Durant, OK",,,,,,,47192.0
464,"Durham, NC",,,,,,85%,
101,"Durham-Chapel Hill, NC","37,278",3.9,"14,629","4,723,936,466","1,197",,575412.0
626,"Dutchess County-Putnam County, NY Metro Division",,,,,,,392610.0
788,"Dyersburg, TN",,,,,,,37320.0
789,"Eagle Pass, TX",,,,,,,58485.0
102,"East Stroudsburg, PA","5,311",5.4,"3,536","602,996,863",807,,169507.0
790,"Easton, MD",,,,,,,36968.0
103,"Eau Claire, WI","7,486",3.3,"4,538","905,694,721",837,,168669.0
791,"Edwards, CO",,,,,,,54993.0
792,"Effingham, IL",,,,,,,34208.0
480,"El Cajon, CA",,,,,,83.60%,
793,"El Campo, TX",,,,,,,41619.0
104,"El Centro, CA","5,137",20.7,"7,588","614,931,107",787,,181827.0
794,"El Dorado, AR",,,,,,,39126.0
606,"El Monte, CA",,,,,,58%,
108,"El Paso, TX","25,332",4.1,"15,507","2,929,595,436",737,71.30%,845553.0
458,"Elgin, IL",,,,,,85.30%,
613,"Elgin, IL Metro Division",,,,,,,638359.0
795,"Elizabeth City, NC",,,,,,,63771.0
570,"Elizabeth, NJ",,,,,,72.50%,
105,"Elizabethtown-Fort Knox, KY","5,444",5.0,"3,524","559,455,462",805,,153378.0
796,"Elk City, OK",,,,,,,21709.0
418,"Elk Grove, CA",,,,,,90.10%,
106,"Elkhart-Goshen, IN","15,200",3.6,"4,755","1,587,558,777",887,,205560.0
797,"Elkins, WV",,,,,,,28823.0
798,"Elko, NV",,,,,,,54463.0
799,"Ellensburg, WA",,,,,,,47364.0
107,"Elmira, NY","2,913",4.2,"1,930","397,296,791",881,,84254.0
800,"Emporia, KS",,,,,,,33406.0
109,"Enid, OK","2,986",3.1,,,,,60913.0
801,"Enterprise, AL",,,,,,,51909.0
110,"Erie, PA","9,678",4.7,"6,871","1,265,376,090",792,70.10%,272061.0
802,"Escanaba, MI",,,,,,,35857.0
540,"Escondido, CA",,,,,,77.20%,
803,"Española, NM",,,,,,,39006.0
804,"Eufaula, AL-GA",,,,,,,27160.0
111,"Eugene, OR","13,643",4.6,"12,451","1,679,219,626",827,87.30%,379611.0
805,"Eureka-Arcata-Fortuna, CA",,,,,,,136373.0
806,"Evanston, WY",,,,,,,20299.0
597,"Evansville, IN",,,,,,64.70%,
112,"Evansville, IN-KY","15,326",3.4,"7,625","1,709,604,617",854,,314672.0
525,"Everett, WA",,,,,,78.40%,
113,"Fairbanks, AK","4,736",4.8,"2,293","519,140,814","1,052",,98971.0
473,"Fairfield, CA",,,,,,84.40%,
807,"Fairfield, IA",,,,,,,18381.0
808,"Fairmont, MN",,,,,,,19785.0
809,"Fairmont, WV",,,,,,,56097.0
810,"Fallon, NV",,,,,,,24440.0
466,"Fargo, ND",,,,,,84.80%,
114,"Fargo, ND-MN","14,015",2.2,"8,822","1,667,571,557",930,,245471.0
811,"Faribault-Northfield, MN",,,,,,,66523.0
812,"Farmington, MO",,,,,,,66692.0
115,"Farmington, NM","6,134",6.6,"2,949","515,142,105",846,,125043.0
116,"Fayetteville, NC","14,992",5.8,"6,629","1,335,358,563",817,81.30%,387094.0
117,"Fayetteville-Springdale-Rogers, AR-MO","25,341",2.8,"13,389","2,752,433,643",897,,549128.0
813,"Fergus Falls, MN",,,,,,,58812.0
814,"Fernley, NV",,,,,,,55808.0
815,"Findlay, OH",,,,,,,75930.0
816,"Fitzgerald, GA",,,,,,,16787.0
118,"Flagstaff, AZ","5,017",6.5,"3,398","699,171,301",849,,142854.0
119,"Flint, MI","11,955",6.1,"6,926","1,505,615,154",860,,406892.0
120,"Florence, SC","7,432",3.6,"4,260","842,205,144",766,,204961.0
121,"Florence-Muscle Shoals, AL","4,346",3.7,"3,412","514,698,307",741,,147149.0
122,"Fond du Lac, WI","4,388",3.2,"2,407","544,768,788",882,,103066.0
455,"Fontana, CA",,,,,,85.70%,
817,"Forest City, NC",,,,,,,66826.0
818,"Forrest City, AR",,,,,,,25439.0
123,"Fort Collins, CO","15,073",2.3,"12,534","2,068,686,915",965,91.40%,350518.0
819,"Fort Dodge, IA",,,,,,,36277.0
530,"Fort Lauderdale, FL",,,,,,78.10%,
623,"Fort Lauderdale-Pompano Beach-Deerfield Beach, FL Metro Division",,,,,,,1951260.0
820,"Fort Leonard Wood, MO",,,,,,,52014.0
821,"Fort Madison-Keokuk, IA-IL-MO",,,,,,,58741.0
822,"Fort Morgan, CO",,,,,,,28558.0
823,"Fort Payne, AL",,,,,,,71385.0
824,"Fort Polk South, LA",,,,,,,48860.0
124,"Fort Smith, AR-OK","8,914",3.9,"6,625","1,025,434,129",749,,282318.0
125,"Fort Wayne, IN","19,786",3.4,"10,218","2,317,055,522",842,77.80%,437631.0
527,"Fort Worth, TX",,,,,,78.20%,
617,"Fort Worth-Arlington, TX Metro Division",,,,,,,2532521.0
825,"Frankfort, IN",,,,,,,32250.0
826,"Frankfort, KY",,,,,,,73478.0
827,"Fredericksburg, TX",,,,,,,26804.0
828,"Freeport, IL",,,,,,,44753.0
415,"Fremont, CA",,,,,,90.70%,
829,"Fremont, NE",,,,,,,36791.0
830,"Fremont, OH",,,,,,,58799.0
126,"Fresno, CA","35,866",7.3,"36,501","4,260,333,934",825,73%,994400.0
394,"Frisco, TX",,,,,,94.70%,
431,"Fullerton, CA",,,,,,88.60%,
127,"Gadsden, AL","2,606",3.3,"2,092","326,515,952",695,,102501.0
831,"Gaffney, SC",,,,,,,57078.0
128,"Gainesville, FL","11,112",3.5,"7,556","1,582,620,330",904,83.30%,288212.0
129,"Gainesville, GA","8,253",2.9,"4,430","1,010,780,971",875,,202148.0
832,"Gainesville, TX",,,,,,,40574.0
833,"Galesburg, IL",,,,,,,50112.0
834,"Gallup, NM",,,,,,,72290.0
835,"Garden City, KS",,,,,,,40554.0
508,"Garden Grove, CA",,,,,,80.10%,
836,"Gardnerville Ranchos, NV",,,,,,,48467.0
465,"Garland, TX",,,,,,84.90%,
614,"Gary, IN Metro Division",,,,,,,701386.0
837,"Georgetown, SC",,,,,,,62249.0
130,"Gettysburg, PA","2,999",3.6,"2,178","361,648,354",792,,102811.0
396,"Gilbert, AZ",,,,,,93.40%,
838,"Gillette, WY",,,,,,,46140.0
839,"Glasgow, KY",,,,,,,54206.0
583,"Glendale, AZ",,,,,,69%,
521,"Glendale, CA",,,,,,78.80%,
131,"Glens Falls, NY","4,437",3.5,"3,655","602,207,331",827,,125462.0
840,"Glenwood Springs, CO",,,,,,,77720.0
841,"Gloversville, NY",,,,,,,53591.0
132,"Goldsboro, NC","3,908",4.7,"2,245","380,739,645",704,,123248.0
133,"Grand Forks, ND-MN","4,915",2.9,"3,258","572,138,855",854,,102299.0
134,"Grand Island, NE","3,850",3.4,"2,980","423,449,737",754,,85088.0
135,"Grand Junction, CO","4,842",3.5,"5,011","705,252,602",854,,153207.0
523,"Grand Prairie, TX",,,,,,78.60%,
555,"Grand Rapids, MI",,,,,,75.50%,
842,"Grand Rapids, MN",,,,,,,45108.0
136,"Grand Rapids-Wyoming, MI","52,734",3.9,"22,541","6,499,227,759",909,,1069405.0
137,"Grants Pass, OR","2,167",5.3,"2,637","250,252,789",689,,87393.0
843,"Grants, NM",,,,,,,26746.0
844,"Great Bend, KS",,,,,,,26111.0
138,"Great Falls, MT","3,026",2.8,"2,847","359,493,043",785,,81643.0
139,"Greeley, CO","10,987",2.6,"7,660","1,413,386,505",980,,314305.0
140,"Green Bay, WI","17,091",3.3,"8,505","2,051,739,240",898,77.30%,321591.0
845,"Greeneville, TN",,,,,,,69087.0
846,"Greenfield Town, MA",,,,,,,70963.0
528,"Greensboro, NC",,,,,,78.20%,
141,"Greensboro-High Point, NC","35,596",4.7,"18,465","3,918,632,907",867,,767711.0
847,"Greensburg, IN",,,,,,,26794.0
848,"Greenville, MS",,,,,,,45063.0
142,"Greenville, NC","6,890",5.2,"3,783","858,200,518",867,,179914.0
849,"Greenville, OH",,,,,,,51323.0
143,"Greenville-Anderson-Mauldin, SC","36,527",2.9,"21,287","4,403,129,044",851,,906626.0
850,"Greenwood, MS",,,,,,,38830.0
851,"Greenwood, SC",,,,,,,95282.0
852,"Grenada, MS",,,,,,,21055.0
532,"Gresham, OR",,,,,,78%,
379,"Guayama, PR",,,618,"84,292,140",483,,73000.0
144,"Gulfport-Biloxi-Pascagoula, MS","15,037",5.9,"7,947","1,530,714,984",796,,397261.0
853,"Guymon, OK",,,,,,,20455.0
145,"Hagerstown-Martinsburg, MD-WV","8,732",3.8,"5,577","1,048,349,284",817,,268049.0
854,"Hailey, ID",,,,,,,29088.0
146,"Hammond, LA","3,464",6.1,"3,007","381,967,831",675,,133777.0
520,"Hampton, VA",,,,,,78.80%,
147,"Hanford-Corcoran, CA","4,469",7.8,"4,095","526,044,524",839,,151366.0
855,"Hannibal, MO",,,,,,,38804.0
148,"Harrisburg-Carlisle, PA","32,491",4.0,"14,910","4,233,583,392",987,,574659.0
856,"Harrison, AR",,,,,,,45285.0
149,"Harrisonburg, VA","6,975",3.0,"3,564","656,508,858",790,,135277.0
607,"Hartford, CT",,,,,,57.70%,
150,"Hartford-West Hartford-East Hartford, CT","79,244",3.7,"37,276","9,444,648,126","1,174",,1206300.0
857,"Hastings, NE",,,,,,,31511.0
151,"Hattiesburg, MS","5,334",5.4,"3,535","589,613,705",739,,149414.0
858,"Hays, KS",,,,,,,28710.0
484,"Hayward, CA",,,,,,83.30%,
859,"Heber, UT",,,,,,,33240.0
860,"Helena, MT",,,,,,,80797.0
861,"Helena-West Helena, AR",,,,,,,18029.0
862,"Henderson, NC",,,,,,,44582.0
449,"Henderson, NV",,,,,,86.50%,
863,"Hereford, TX",,,,,,,18760.0
864,"Hermiston-Pendleton, OR",,,,,,,88888.0
604,"Hialeah, FL",,,,,,60.70%,
152,"Hickory-Lenoir-Morganton, NC","12,488",4.2,"7,775","1,499,456,433",762,,368416.0
534,"High Point, NC",,,,,,77.80%,
865,"Hillsdale, MI",,,,,,,45749.0
866,"Hilo, HI",,,,,,,200983.0
153,"Hilton Head Island-Bluffton-Beaufort, SC","7,890",3.0,"6,494","723,557,679",710,,217686.0
154,"Hinesville, GA","2,993",4.2,928,"201,121,735",784,,80495.0
867,"Hobbs, NM",,,,,,,69611.0
868,"Holland, MI",,,,,,,117327.0
506,"Hollywood, FL",,,,,,80.30%,
155,"Homosassa Springs, FL","2,757",5.2,"3,167","293,270,325",704,,147929.0
869,"Hood River, OR",,,,,,,23428.0
870,"Hope, AR",,,,,,,30067.0
156,"Hot Springs, AR","2,789",4.1,"3,064","329,661,243",688,,99154.0
871,"Houghton, MI",,,,,,,38332.0
157,"Houma-Thibodaux, LA","7,972",4.9,"5,281","1,049,603,953",965,,209136.0
556,"Houston, TX",,,,,,75.10%,
158,"Houston-The Woodlands-Sugar Land, TX","436,369",4.0,"158,213","46,696,821,214","1,211",,6997384.0
872,"Hudson, NY",,,,,,,59916.0
873,"Huntingdon, PA",,,,,,,45168.0
428,"Huntington Beach, CA",,,,,,88.90%,
874,"Huntington, IN",,,,,,,36240.0
159,"Huntington-Ashland, WV-KY-OH","13,229",5.3,"8,235","1,399,764,913",857,,352823.0
160,"Huntsville, AL","22,677",2.6,"11,235","3,235,306,772","1,112",76.90%,462693.0
875,"Huntsville, TX",,,,,,,87220.0
876,"Huron, SD",,,,,,,18883.0
877,"Hutchinson, KS",,,,,,,62342.0
878,"Hutchinson, MN",,,,,,,35873.0
161,"Idaho Falls, ID","6,094",2.2,"4,859","729,965,826",832,,148904.0
1194,In metropolitan statistical area,,,,,,,3054478.0
641,In micropolitan statistical area,,,,,,,27627895.0
642,In micropolitan statistical area,,,,,,,117214.0
544,"Independence, MO",,,,,,76.80%,
879,"Indiana, PA",,,,,,,84501.0
565,"Indianapolis, IN",,,,,,74%,
162,"Indianapolis-Carmel-Anderson, IN","122,608",3.3,"49,132","12,698,891,226",961,,2048703.0
880,"Indianola, MS",,,,,,,25735.0
561,"Inglewood, CA",,,,,,74.60%,
881,"Ionia, MI",,,,,,,64210.0
163,"Iowa City, IA","8,934",2.3,"5,084","1,147,884,610",967,,173401.0
882,"Iron Mountain, MI-WI",,,,,,,29704.0
393,"Irvine, CA",,,,,,95.30%,
499,"Irving, TX",,,,,,81.20%,
164,"Ithaca, NY","4,391",3.9,"2,652","648,879,129",991,,102793.0
165,"Jackson, MI","5,548",4.9,"2,662","673,269,168",903,,158823.0
166,"Jackson, MS","26,268",5.3,"14,621","2,741,197,424",819,61.20%,580166.0
883,"Jackson, OH",,,,,,,32384.0
167,"Jackson, TN","5,629",4.3,"3,082","673,473,441",776,,129209.0
884,"Jackson, WY-ID",,,,,,,34721.0
168,"Jacksonville, FL","65,830",3.5,"44,140","8,090,327,396",930,78.90%,1534701.0
885,"Jacksonville, IL",,,,,,,38902.0
169,"Jacksonville, NC","7,385",5.3,"3,113","405,268,125",657,,197683.0
886,"Jacksonville, TX",,,,,,,52592.0
887,"Jamestown, ND",,,,,,,20917.0
888,"Jamestown-Dunkirk-Fredonia, NY",,,,,,,127939.0
170,"Janesville-Beloit, WI","5,737",3.8,"3,545","763,227,223",868,,163129.0
889,"Jasper, IN",,,,,,,54975.0
1200,"Jayuya, PR",,,,,,,13947.0
171,"Jefferson City, MO","6,359",3.2,"3,853","757,072,524",783,,151520.0
890,"Jefferson, GA",,,,,,,70422.0
891,"Jennings, LA",,,,,,,31582.0
498,"Jersey City, NJ",,,,,,81.20%,
892,"Jesup, GA",,,,,,,29808.0
172,"Johnson City, TN","6,092",4.7,"3,972","764,913,107",768,,202719.0
173,"Johnstown, PA","3,690",5.8,"3,477","496,201,704",755,,131730.0
516,"Joliet, IL",,,,,,79.60%,
174,"Jonesboro, AR","4,521",3.3,"3,366","544,854,011",754,,132532.0
175,"Joplin, MO","6,486",3.7,"4,626","742,235,955",746,,178902.0
893,"Junction City, KS",,,,,,,32594.0
894,"Juneau, AK",,,,,,,32113.0
176,"Kahului-Wailuku-Lahaina, HI","7,938",2.6,"6,343","890,101,559",876,,167295.0
177,"Kalamazoo-Portage, MI","14,630",4.6,"6,432","1,722,143,332",921,,340318.0
895,"Kalispell, MT",,,,,,,102106.0
178,"Kankakee, IL","3,840",4.6,"2,246","481,789,115",824,,110024.0
592,"Kansas City, KS",,,,,,67.20%,
554,"Kansas City, MO",,,,,,75.60%,
179,"Kansas City, MO-KS","114,418",4.0,"64,515","13,482,384,697",993,,2143651.0
896,"Kapaa, HI",,,,,,,72133.0
897,"Kearney, NE",,,,,,,56159.0
898,"Keene, NH",,,,,,,76493.0
899,"Kendallville, IN",,,,,,,47532.0
900,"Kennett, MO",,,,,,,29423.0
180,"Kennewick-Richland, WA","11,894",5.4,"8,640","1,666,736,569","1,002",,296224.0
486,"Kent, WA",,,,,,83.10%,
901,"Kerrville, TX",,,,,,,52405.0
902,"Ketchikan, AK",,,,,,,13918.0
903,"Key West, FL",,,,,,,75027.0
904,"Kill Devil Hills, NC",,,,,,,40632.0
469,"Killeen, TX",,,,,,84.60%,
181,"Killeen-Temple, TX","15,411",4.0,"7,254","1,557,505,349",863,,451679.0
182,"Kingsport-Bristol-Bristol, TN-VA","10,101",4.4,"6,850","1,199,579,650",804,,306616.0
183,"Kingston, NY","5,318",3.7,"5,274","636,514,700",804,,178599.0
905,"Kingsville, TX",,,,,,,31571.0
906,"Kinston, NC",,,,,,,55976.0
907,"Kirksville, MO",,,,,,,29938.0
908,"Klamath Falls, OR",,,,,,,67653.0
184,"Knoxville, TN","36,179",4.2,"19,941","4,599,686,264",929,72.70%,883309.0
185,"Kokomo, IN","4,101",3.9,"1,718","468,910,331",918,,82366.0
186,"La Crosse-Onalaska, WI-MN","6,510",3.0,"3,621","791,469,888",817,,136808.0
910,"La Grande, OR",,,,,,,26461.0
911,"LaGrange, GA",,,,,,,70034.0
909,"Laconia, NH",,,,,,,61022.0
187,"Lafayette, LA","19,285",5.0,"15,171","2,208,842,345",867,81.30%,489364.0
188,"Lafayette-West Lafayette, IN","8,945",3.4,"4,062","1,085,368,491",902,,221828.0
189,"Lake Charles, LA","13,614",4.2,"5,571","1,530,780,358","1,032",,210080.0
912,"Lake City, FL",,,,,,,70503.0
615,"Lake County-Kenosha County, IL-WI Metro Division",,,,,,,870122.0
190,"Lake Havasu City-Kingman, AZ","3,759",6.5,"3,746","472,419,674",726,,209550.0
549,"Lakeland, FL",,,,,,76.30%,
191,"Lakeland-Winter Haven, FL","18,297",4.1,"13,497","2,289,117,711",801,,708009.0
515,"Lakewood, CO",,,,,,79.80%,
913,"Lamesa, TX",,,,,,,12619.0
563,"Lancaster, CA",,,,,,74.20%,
192,"Lancaster, PA","25,170",3.8,"13,636","2,781,953,238",877,,543557.0
558,"Lansing, MI",,,,,,75%,
193,"Lansing-East Lansing, MI","19,548",4.6,"9,183","2,581,945,355",943,,481893.0
914,"Laramie, WY",,,,,,,38601.0
194,"Laredo, TX","7,090",4.0,"5,536","918,153,930",698,59.80%,275910.0
195,"Las Cruces, NM","6,171",6.4,"4,872","674,943,457",717,77.70%,217522.0
915,"Las Vegas, NM",,,,,,,27591.0
518,"Las Vegas, NV",,,,,,79.10%,
196,"Las Vegas-Henderson-Paradise, NV","96,062",4.7,"54,929","11,873,758,823",914,,2231647.0
916,"Laurel, MS",,,,,,,84889.0
917,"Laurinburg, NC",,,,,,,34810.0
197,"Lawrence, KS","3,959",3.7,"3,083","458,565,077",730,,121436.0
918,"Lawrenceburg, TN",,,,,,,43734.0
198,"Lawton, OK","4,497",3.8,"2,481","424,983,349",762,,126198.0
919,"Lebanon, MO",,,,,,,35713.0
199,"Lebanon, PA","4,474",4.0,"2,824","526,472,324",809,,141314.0
920,"Levelland, TX",,,,,,,22980.0
921,"Lewisburg, PA",,,,,,,44785.0
922,"Lewisburg, TN",,,,,,,33683.0
200,"Lewiston, ID-WA","2,146",3.4,"1,883","282,374,234",793,,63018.0
201,"Lewiston-Auburn, ME","3,621",2.6,"3,094","518,550,422",811,,107679.0
923,"Lewistown, PA",,,,,,,46222.0
404,"Lewisville, TX",,,,,,91.60%,
924,"Lexington, NE",,,,,,,25705.0
202,"Lexington-Fayette, KY","26,079",4.0,"15,474","3,084,109,123",889,82.40%,516697.0
925,"Liberal, KS",,,,,,,21780.0
203,"Lima, OH","4,695",4.7,"2,487","554,558,588",837,,102663.0
926,"Lincoln, IL",,,,,,,28925.0
204,"Lincoln, NE","17,300",3.1,"10,535","1,984,536,058",855,83.30%,334590.0
545,"Little Rock, AR",,,,,,76.70%,
205,"Little Rock-North Little Rock-Conway, AR","34,241",3.6,"21,161","3,763,430,627",868,,741104.0
927,"Lock Haven, PA",,,,,,,38684.0
206,"Logan, UT-ID","4,411",2.6,"4,157","538,761,695",709,,140794.0
928,"Logan, WV",,,,,,,32607.0
929,"Logansport, IN",,,,,,,37955.0
930,"London, KY",,,,,,,128215.0
496,"Long Beach, CA",,,,,,81.40%,
207,"Longview, TX","9,137",4.0,"5,754","1,075,092,298",873,,219417.0
208,"Longview, WA","3,761",6.6,"3,032","494,081,887",969,,108987.0
931,"Los Alamos, NM",,,,,,,19101.0
526,"Los Angeles, CA",,,,,,78.30%,
209,"Los Angeles-Long Beach-Anaheim, CA","904,899",4.6,"620,774","92,059,578,178","1,172",,13291486.0
621,"Los Angeles-Long Beach-Glendale, CA Metro Division",,,,,,,10105518.0
380,"Louisville-Jefferson County, KY-IN",,,"35,626","7,695,434,727",925,,
210,"Louisville/Jefferson County, KY-IN","65,700",4.6,,,,,1297301.0
551,"Louisville/Jefferson, KY",,,,,,76%,
571,"Lowell, MA",,,,,,71.80%,
211,"Lubbock, TX","12,038",3.3,"8,109","1,526,261,215",824,81.70%,319068.0
932,"Ludington, MI",,,,,,,29100.0
933,"Lufkin, TX",,,,,,,87092.0
934,"Lumberton, NC",,,,,,,131831.0
212,"Lynchburg, VA","8,547",3.5,"7,839","1,029,458,433",793,,263353.0
935,"Macomb, IL",,,,,,,29955.0
381,"Macon, GA",,,"5,362","1,039,503,913",814,,
622,"Macon-Bibb County, GA",,,,,,,229737.0
213,"Madera, CA","4,956",7.4,"4,350","550,474,058",842,,157672.0
936,"Madison, IN",,,,,,,32208.0
214,"Madison, WI","43,597",2.6,"19,517","5,002,355,532",993,87.10%,660422.0
937,"Madisonville, KY",,,,,,,45068.0
938,"Magnolia, AR",,,,,,,23537.0
939,"Malone, NY",,,,,,,50293.0
940,"Malvern, AR",,,,,,,33701.0
522,"Manchester, NH",,,,,,78.80%,
382,"Manchester-Nashua, NH",,,"12,172","2,937,815,461","1,112",,415247.0
215,"Manhattan, KS","3,308",3.6,"2,357","364,465,047",728,,97980.0
941,"Manitowoc, WI",,,,,,,79074.0
216,"Mankato-North Mankato, MN","4,714",2.9,"2,823","607,790,855",857,,101647.0
217,"Mansfield, OH","3,914",4.8,"2,758","501,090,146",760,,121099.0
942,"Marietta, OH",,,,,,,60155.0
943,"Marinette, WI-MI",,,,,,,63417.0
944,"Marion, IN",,,,,,,65936.0
945,"Marion, NC",,,,,,,45507.0
946,"Marion, OH",,,,,,,65256.0
947,"Marquette, MI",,,,,,,66516.0
948,"Marshall, MN",,,,,,,25629.0
949,"Marshall, MO",,,,,,,22895.0
950,"Marshall, TX",,,,,,,66726.0
951,"Marshalltown, IA",,,,,,,39981.0
952,"Martin, TN",,,,,,,33415.0
953,"Martinsville, VA",,,,,,,63855.0
954,"Maryville, MO",,,,,,,22304.0
955,"Mason City, IA",,,,,,,50100.0
383,"Mayaguez, PR",,,"1,645","182,449,098",454,,
1195,"Mayagüez, PR",,,,,,,87448.0
956,"Mayfield, KY",,,,,,,37317.0
957,"Maysville, KY",,,,,,,17150.0
958,"McAlester, OK",,,,,,,43877.0
541,"McAllen, TX",,,,,,77.10%,
218,"McAllen-Edinburg-Mission, TX","17,652",6.7,"12,635","2,217,871,483",661,,865939.0
959,"McComb, MS",,,,,,,51889.0
450,"McKinney, TX",,,,,,86.50%,
960,"McMinnville, TN",,,,,,,40878.0
961,"McPherson, KS",,,,,,,28537.0
962,"Meadville, PA",,,,,,,85063.0
219,"Medford, OR","7,412",5.3,"7,686","950,398,625",816,,219564.0
590,"Memphis, TN",,,,,,67.70%,
220,"Memphis, TN-MS-AR","62,059",5.0,"27,702","7,951,328,878",989,,1350620.0
963,"Menomonie, WI",,,,,,,45131.0
221,"Merced, CA","7,590",8.4,"6,704","851,240,632",806,,274765.0
964,"Meridian, MS",,,,,,,100948.0
965,"Merrill, WI",,,,,,,27689.0
529,"Mesa, AZ",,,,,,78.20%,
483,"Mesquite, TX",,,,,,83.30%,
966,"Mexico, MO",,,,,,,25473.0
600,"Miami Gardens, FL",,,,,,63.60%,
601,"Miami, FL",,,,,,63.20%,
967,"Miami, OK",,,,,,,31175.0
222,"Miami-Fort Lauderdale-West Palm Beach, FL","296,486",3.4,"224,951","32,512,862,272",986,,6198782.0
624,"Miami-Miami Beach-Kendall, FL Metro Division",,,,,,,2761581.0
223,"Michigan City-La Porte, IN","3,443",4.3,"2,273","402,146,122",767,,110007.0
968,"Middlesborough, KY",,,,,,,26569.0
224,"Midland, MI","5,408",4.5,"3,263","536,633,959","1,098",,83209.0
225,"Midland, TX","29,825",2.2,"6,055","1,956,514,179","1,393",84%,178331.0
969,"Milledgeville, GA",,,,,,,53171.0
584,"Milwaukee, WI",,,,,,68.80%,
226,"Milwaukee-Waukesha-West Allis, WI","91,962",3.8,"47,154","10,572,313,370",977,,1576113.0
970,"Mineral Wells, TX",,,,,,,28875.0
493,"Minneapolis, MN",,,,,,82%,
227,"Minneapolis-St. Paul-Bloomington, MN-WI","226,152",3.1,"96,991","28,905,397,164","1,152",,3629190.0
971,"Minot, ND",,,,,,,75934.0
425,"Miramar, FL",,,,,,89.50%,
228,"Missoula, MT","4,807",2.5,"5,436","637,306,225",803,,118791.0
972,"Mitchell, SD",,,,,,,23166.0
973,"Moberly, MO",,,,,,,24763.0
229,"Mobile, AL","16,803",3.8,"10,249","1,984,045,486",896,66.50%,413757.0
230,"Modesto, CA","17,954",6.6,"15,984","2,385,784,556",946,74.30%,549815.0
231,"Monroe, LA","6,936",5.7,"5,153","711,330,938",738,,176805.0
232,"Monroe, MI","4,479",5.7,"2,156","479,019,459",906,,150439.0
631,"Montgomery County-Bucks County-Chester County, PA Metro Division",,,,,,,1978845.0
233,"Montgomery, AL","15,179",3.0,"8,854","1,728,356,888",810,76%,373225.0
974,"Montrose, CO",,,,,,,42214.0
975,"Morehead City, NC",,,,,,,69524.0
503,"Moreno Valley, CA",,,,,,80.70%,
976,"Morgan City, LA",,,,,,,49774.0
234,"Morgantown, WV","6,903",3.9,"3,445","801,521,319",970,,140259.0
235,"Morristown, TN","3,828",4.8,"2,102","434,975,301",770,,118581.0
977,"Moscow, ID",,,,,,,40134.0
978,"Moses Lake, WA",,,,,,,97331.0
979,"Moultrie, GA",,,,,,,45592.0
982,"Mount Airy, NC",,,,,,,71948.0
983,"Mount Pleasant, MI",,,,,,,70562.0
984,"Mount Pleasant, TX",,,,,,,33033.0
985,"Mount Sterling, KY",,,,,,,47037.0
986,"Mount Vernon, IL",,,,,,,37820.0
987,"Mount Vernon, OH",,,,,,,61893.0
236,"Mount Vernon-Anacortes, WA","5,244",5.7,"4,118","655,390,010",944,,128206.0
980,"Mountain Home, AR",,,,,,,41619.0
981,"Mountain Home, ID",,,,,,,27259.0
237,"Muncie, IN","3,425",4.3,"2,193","441,449,506",748,,114772.0
492,"Murfreesboro, TN",,,,,,82.10%,
988,"Murray, KY",,,,,,,39135.0
420,"Murrieta, CA",,,,,,89.90%,
989,"Muscatine, IA",,,,,,,42929.0
238,"Muskegon, MI","5,196",5.4,"2,851","658,807,508",790,,173588.0
990,"Muskogee, OK",,,,,,,68362.0
239,"Myrtle Beach-Conway-North Myrtle Beach, SC-NC","14,844",3.9,"12,081","1,432,198,595",654,,480891.0
991,"Nacogdoches, TX",,,,,,,65711.0
240,"Napa, CA","9,750",3.0,"5,889","1,087,705,174","1,034",,139417.0
407,"Naperville, IL",,,,,,91.30%,
241,"Naples-Immokalee-Marco Island, FL","15,608",3.5,"14,271","1,614,139,742",882,,378488.0
524,"Nashville-Davidson, TN",,,,,,78.50%,
242,"Nashville-Davidson--Murfreesboro--Franklin, TN","115,716",3.4,"51,613","13,011,795,471","1,038",,1930961.0
627,"Nassau County-Suffolk County, NY Metro Division",,,,,,,2839436.0
992,"Natchez, MS-LA",,,,,,,50764.0
993,"Natchitoches, LA",,,,,,,38659.0
243,"New Bern, NC","4,301",4.6,"2,779","450,760,649",786,,125219.0
995,"New Castle, IN",,,,,,,48271.0
996,"New Castle, PA",,,,,,,86184.0
598,"New Haven, CT",,,,,,64.10%,
384,"New Haven-Milford, CT",,,"24,715","5,053,404,341","1,066",,857620.0
594,"New Orleans, LA",,,,,,66.20%,
244,"New Orleans-Metairie, LA","67,023",4.8,"39,712","6,740,712,266",958,,1270399.0
997,"New Philadelphia-Dover, OH",,,,,,,92176.0
1001,"New Ulm, MN",,,,,,,25111.0
531,"New York, NY",,,,,,78.10%,
629,"New York-Jersey City-White Plains, NY-NJ Metro Division",,,,,,,14242759.0
245,"New York-Newark-Jersey City, NY-NJ-PA","1,444,484",3.9,"634,230","164,246,626,502","1,356",,19979477.0
589,"Newark, NJ",,,,,,67.80%,
628,"Newark, NJ-PA Metro Division",,,,,,,2504672.0
994,"Newberry, SC",,,,,,,38520.0
501,"Newport News, VA",,,,,,80.80%,
998,"Newport, OR",,,,,,,49388.0
999,"Newport, TN",,,,,,,35774.0
1000,"Newton, IA",,,,,,,37147.0
246,"Niles-Benton Harbor, MI","5,952",5.0,"3,457","692,866,590",849,,154141.0
1002,"Nogales, AZ",,,,,,,46511.0
1003,"Norfolk, NE",,,,,,,48504.0
536,"Norfolk, VA",,,,,,77.50%,
452,"Norman, OK",,,,,,86.10%,
585,"North Charleston, SC",,,,,,68.80%,
457,"North Las Vegas, NV",,,,,,85.40%,
1004,"North Platte, NE",,,,,,,36426.0
247,"North Port-Sarasota-Bradenton, FL","27,015",3.3,"27,192","3,153,783,774",841,,821573.0
1005,"North Vernon, IN",,,,,,,27611.0
1006,"North Wilkesboro, NC",,,,,,,68557.0
560,"Norwalk, CA",,,,,,74.60%,
1007,"Norwalk, OH",,,,,,,58504.0
385,"Norwich-New London, CT",,,"7,722","1,661,015,577","1,030",,266784.0
1008,"Oak Harbor, WA",,,,,,,84460.0
514,"Oakland, CA",,,,,,79.80%,
634,"Oakland-Hayward-Berkeley, CA Metro Division",,,,,,,2816968.0
248,"Ocala, FL","7,503",4.1,"8,498","947,816,592",711,,359977.0
249,"Ocean City, NJ","4,481",3.5,"3,868","455,086,320",664,,92560.0
481,"Oceanside, CA",,,,,,83.60%,
250,"Odessa, TX","9,061",2.8,"4,070","1,210,422,270","1,175",78.50%,162124.0
251,"Ogden-Clearfield, UT","22,326",3.0,"16,785","2,779,061,288",820,,675067.0
1009,"Ogdensburg-Massena, NY",,,,,,,108047.0
1010,"Oil City, PA",,,,,,,51266.0
1011,"Okeechobee, FL",,,,,,,41537.0
252,"Oklahoma City, OK","67,714",3.1,"40,779","7,370,985,155",929,78.60%,1396445.0
409,"Olathe, KS",,,,,,91.10%,
1012,"Olean, NY",,,,,,,76840.0
253,"Olympia-Tumwater, WA","10,653",5.3,"8,482","1,522,493,813",995,,286419.0
543,"Omaha, NE",,,,,,77.10%,
254,"Omaha-Council Bluffs, NE-IA","56,229",3.2,"27,861","5,890,786,868",949,,942198.0
1013,"Oneonta, NY",,,,,,,59749.0
562,"Ontario, CA",,,,,,74.50%,
1014,"Ontario, OR-ID",,,,,,,54276.0
1015,"Opelousas, LA",,,,,,,82764.0
445,"Orange, CA",,,,,,87.50%,
1016,"Orangeburg, SC",,,,,,,86934.0
495,"Orlando, FL",,,,,,81.90%,
255,"Orlando-Kissimmee-Sanford, FL","114,969",3.2,"73,737","14,332,290,637",895,,2572962.0
256,"Oshkosh-Neenah, WI","9,245",3.2,"3,878","1,145,373,104",935,,171020.0
1017,"Oskaloosa, IA",,,,,,,22000.0
1018,"Othello, WA",,,,,,,19759.0
1019,"Ottawa, KS",,,,,,,25631.0
1020,"Ottawa-Peru, IL",,,,,,,148163.0
1021,"Ottumwa, IA",,,,,,,44222.0
422,"Overland Park, KS",,,,,,89.60%,
1022,"Owatonna, MN",,,,,,,36803.0
257,"Owensboro, KY","4,849",4.5,"3,246","551,498,624",823,,119114.0
1023,"Owosso, MI",,,,,,,68192.0
1024,"Oxford, MS",,,,,,,54793.0
1025,"Oxford, NC",,,,,,,60115.0
568,"Oxnard, CA",,,,,,73%,
258,"Oxnard-Thousand Oaks-Ventura, CA","43,400",3.9,"27,599","4,264,638,112","1,018",,850967.0
1026,"Ozark, AL",,,,,,,48956.0
1027,"Paducah, KY-IL",,,,,,,96647.0
1028,"Pahrump, NV",,,,,,,45346.0
1029,"Palatka, FL",,,,,,,74163.0
1030,"Palestine, TX",,,,,,,58057.0
472,"Palm Bay, FL",,,,,,84.40%,
259,"Palm Bay-Melbourne-Titusville, FL","19,480",3.4,"16,006","2,627,695,685",938,,596849.0
538,"Palmdale, CA",,,,,,77.40%,
1031,"Pampa, TX",,,,,,,21895.0
260,"Panama City, FL","7,273",3.6,"6,070","818,687,488",751,,201451.0
1032,"Paragould, AR",,,,,,,45325.0
1033,"Paris, TN",,,,,,,32358.0
1034,"Paris, TX",,,,,,,49728.0
261,"Parkersburg-Vienna, WV","3,823",4.9,"2,388","364,925,306",792,,90033.0
1035,"Parsons, KS",,,,,,,19964.0
488,"Pasadena, CA",,,,,,83%,
567,"Pasadena, TX",,,,,,73.30%,
595,"Paterson, NJ",,,,,,66%,
1036,"Payson, AZ",,,,,,,53889.0
397,"Pearland, TX",,,,,,92.60%,
1037,"Pecos, TX",,,,,,,15695.0
1038,"Pella, IA",,,,,,,33407.0
430,"Pembroke Pines, FL",,,,,,88.70%,
262,"Pensacola-Ferry Pass-Brent, FL","15,495",3.4,"11,619","1,792,824,693",792,,494883.0
475,"Peoria, AZ",,,,,,84.20%,
263,"Peoria, IL","16,364",4.5,"7,936","2,103,747,642",957,73.80%,368373.0
1039,"Peru, IN",,,,,,,35567.0
580,"Philadelphia, PA",,,,,,70.20%,
632,"Philadelphia, PA Metro Division",,,,,,,2148889.0
264,"Philadelphia-Camden-Wilmington, PA-NJ-DE-MD","387,217",4.3,"164,742","41,251,571,292","1,143",,6096372.0
552,"Phoenix, AZ",,,,,,75.90%,
265,"Phoenix-Mesa-Scottsdale, AZ","210,968",4.8,"102,399","26,641,940,020","1,007",,4857962.0
1040,"Picayune, MS",,,,,,,55387.0
1041,"Pierre, SD",,,,,,,22064.0
266,"Pine Bluff, AR","2,663",5.8,"2,503","307,916,181",756,,89515.0
1042,"Pinehurst-Southern Pines, NC",,,,,,,98682.0
1043,"Pittsburg, KS",,,,,,,39019.0
267,"Pittsburgh, PA","131,222",4.5,"63,143","15,125,681,629","1,037",77.30%,2324743.0
268,"Pittsfield, MA","6,024",3.1,"5,204","711,300,678",874,,126348.0
1044,"Plainview, TX",,,,,,,33830.0
398,"Plano, TX",,,,,,92.30%,
1045,"Platteville, WI",,,,,,,51554.0
1046,"Plattsburgh, NY",,,,,,,80695.0
1047,"Plymouth, IN",,,,,,,46248.0
269,"Pocatello, ID","2,437",3.3,"2,369","304,445,248",687,,87138.0
1048,"Point Pleasant, WV-OH",,,,,,,56697.0
542,"Pomona, CA",,,,,,77.10%,
546,"Pompano Beach, FL",,,,,,76.40%,
1049,"Ponca City, OK",,,,,,,44161.0
386,"Ponce, PR",,,"3,437","390,798,838",453,,285709.0
1050,"Pontiac, IL",,,,,,,35761.0
1051,"Poplar Bluff, MO",,,,,,,42639.0
1053,"Port Angeles, WA",,,,,,,76737.0
1054,"Port Clinton, OH",,,,,,,40769.0
1055,"Port Lavaca, TX",,,,,,,21561.0
272,"Port St. Lucie, FL","12,114",4.0,"12,921","1,441,239,025",777,86.70%,482040.0
1052,"Portales, NM",,,,,,,18743.0
460,"Portland, OR",,,,,,85.20%,
270,"Portland-South Portland, ME","27,812",1.9,"21,787","3,403,417,651",926,,535420.0
271,"Portland-Vancouver-Hillsboro, OR-WA","156,553",4.0,"90,769","17,393,765,281","1,130",,2478810.0
1056,"Portsmouth, OH",,,,,,,75502.0
1057,"Pottsville, PA",,,,,,,142067.0
273,"Prescott, AZ","5,300",5.1,"5,718","634,017,893",758,,231993.0
1058,"Price, UT",,,,,,,20269.0
1059,"Prineville, OR",,,,,,,23867.0
577,"Providence, RI",,,,,,71%,
274,"Providence-Warwick, RI-MA","71,739",3.7,"51,396","8,610,517,098",944,,1621337.0
439,"Provo, UT",,,,,,88%,
275,"Provo-Orem, UT","22,183",2.9,"17,230","2,734,316,312",849,,633768.0
276,"Pueblo, CO","4,534",4.4,"3,500","665,966,500",838,69.70%,167529.0
1193,Puerto Rico,,,,,,,3195153.0
1060,"Pullman, WA",,,,,,,49791.0
277,"Punta Gorda, FL","3,719",3.9,"4,646","438,668,656",730,,184998.0
1061,"Quincy, IL-MO",,,,,,,75546.0
278,"Racine, WI","6,791",4.4,"4,567","886,034,101",898,,196584.0
279,"Raleigh, NC","72,626",3.9,"39,391","8,640,947,293","1,066",85.60%,1362540.0
421,"Rancho Cucamonga, CA",,,,,,89.80%,
280,"Rapid City, SD","5,833",2.6,"5,724","715,456,724",785,,148749.0
1062,"Raymondville, TX",,,,,,,21515.0
281,"Reading, PA","16,375",4.5,"8,863","2,149,809,567",956,,420152.0
1063,"Red Bluff, CA",,,,,,,63916.0
1064,"Red Wing, MN",,,,,,,46403.0
282,"Redding, CA","6,046",4.9,"7,104","735,210,461",853,,180040.0
283,"Reno, NV","23,060",3.4,"15,132","3,064,850,767",975,80.50%,469764.0
1065,"Rexburg, ID",,,,,,,52472.0
490,"Rialto, CA",,,,,,82.20%,
443,"Richardson, TX",,,,,,87.50%,
513,"Richmond, CA",,,,,,79.80%,
1066,"Richmond, IN",,,,,,,65936.0
284,"Richmond, VA","70,677",3.0,"40,463","8,144,672,668",979,74.30%,1306172.0
1067,"Richmond-Berea, KY",,,,,,,109118.0
1068,"Rio Grande City, TX",,,,,,,64525.0
468,"Riverside, CA",,,,,,84.60%,
285,"Riverside-San Bernardino-Ontario, CA","135,986",4.6,"126,977","16,741,524,404",869,,4622361.0
1069,"Riverton, WY",,,,,,,39531.0
1070,"Roanoke Rapids, NC",,,,,,,70250.0
286,"Roanoke, VA","13,263",2.9,"9,601","1,612,555,872",824,,314172.0
1071,"Rochelle, IL",,,,,,,50923.0
287,"Rochester, MN","11,200",2.8,"5,375","1,801,776,691","1,155",89%,219802.0
288,"Rochester, NY","48,504",4.1,"26,893","6,078,457,863",926,65.90%,1071082.0
1073,"Rock Springs, WY",,,,,,,43051.0
289,"Rockford, IL","13,235",6.5,"6,761","1,720,681,854",905,73.60%,337658.0
611,"Rockingham County-Strafford County, NH Metro Division",,,,,,,439266.0
1072,"Rockingham, NC",,,,,,,44887.0
290,"Rocky Mount, NC","4,962",6.0,"3,053","537,277,600",742,,146021.0
1074,"Rolla, MO",,,,,,,44732.0
291,"Rome, GA","3,426",4.6,"1,971","404,460,879",793,,97927.0
1075,"Roseburg, OR",,,,,,,110283.0
442,"Roseville, CA",,,,,,87.70%,
1076,"Roswell, NM",,,,,,,64689.0
405,"Round Rock, TX",,,,,,91.60%,
1077,"Ruidoso, NM",,,,,,,19556.0
1078,"Russellville, AR",,,,,,,85535.0
1079,"Ruston, LA",,,,,,,47196.0
1080,"Rutland, VT",,,,,,,58672.0
519,"Sacramento, CA",,,,,,78.90%,
292,"Sacramento--Roseville--Arden-Arcade, CA","108,732",4.0,"84,925","14,319,102,033","1,101",,2345210.0
1081,"Safford, AZ",,,,,,,38072.0
293,"Saginaw, MI","7,117",5.7,"3,918","911,940,969",837,,190800.0
1084,"Salem, OH",,,,,,,102665.0
297,"Salem, OR","14,863",4.6,"13,182","1,994,099,856",858,81.70%,432102.0
1085,"Salina, KS",,,,,,,60203.0
298,"Salinas, CA","20,735",4.7,"14,023","2,502,709,428",914,79.10%,435594.0
299,"Salisbury, MD-DE","17,087",4.0,"12,531","1,646,251,265",754,,409979.0
300,"Salt Lake City, UT","74,363",2.9,"47,945","9,625,635,118","1,028",82.90%,1222540.0
301,"San Angelo, TX","4,675",3.3,"3,011","523,030,283",820,73.60%,119711.0
559,"San Antonio, TX",,,,,,74.70%,
302,"San Antonio-New Braunfels, TX","118,241",3.3,"52,898","12,128,669,743",916,,2518036.0
576,"San Bernardino, CA",,,,,,71.20%,
456,"San Buenaventura, CA",,,,,,85.50%,
438,"San Diego, CA",,,,,,88%,
303,"San Diego-Carlsbad, CA","201,986",3.6,"112,479","21,848,394,370","1,150",,3343364.0
462,"San Francisco, CA",,,,,,85.10%,
304,"San Francisco-Oakland-Hayward, CA","425,358",2.9,"199,209","55,115,352,572","1,754",,4729484.0
635,"San Francisco-Redwood City-South San Francisco, CA Metro Division",,,,,,,1652850.0
388,"San German, PR",,,"1,313","93,252,441",364,,
1196,"San Germán, PR",,,,,,,121078.0
433,"San Jose, CA",,,,,,88.40%,
305,"San Jose-Sunnyvale-Santa Clara, CA","256,419",2.8,"74,921","35,411,994,252","2,436",,1999107.0
389,"San Juan-Carolina-Caguas, PR",,,"30,503","4,515,819,666",564,,2023237.0
306,"San Luis Obispo-Paso Robles-Arroyo Grande, CA","13,010",3.2,"10,495","1,386,340,528",906,,284010.0
419,"San Mateo, CA",,,,,,90%,
636,"San Rafael, CA Metro Division",,,,,,,259666.0
1086,"Sandpoint, ID",,,,,,,44727.0
1087,"Sandusky, OH",,,,,,,74615.0
1088,"Sanford, NC",,,,,,,61452.0
537,"Santa Ana, CA",,,,,,77.40%,
417,"Santa Clara, CA",,,,,,90.50%,
427,"Santa Clarita, CA",,,,,,89.30%,
307,"Santa Cruz-Watsonville, CA","11,481",4.3,"9,511","1,336,781,023",943,,274255.0
308,"Santa Fe, NM","6,223",4.6,"5,808","664,162,296",830,,150056.0
1201,"Santa Isabel, PR",,,,,,,21037.0
608,"Santa Maria, CA",,,,,,56.10%,
309,"Santa Maria-Santa Barbara, CA","22,938",3.7,"15,528","2,631,846,835","1,004",,446527.0
310,"Santa Rosa, CA","24,985",3.0,"20,248","2,862,246,417","1,044",86.80%,499942.0
1089,"Sault Ste. Marie, MI",,,,,,,37517.0
311,"Savannah, GA","15,652",3.4,"9,443","2,072,559,244",910,72.90%,389494.0
1090,"Sayre, PA",,,,,,,60833.0
1091,"Scottsbluff, NE",,,,,,,37906.0
1092,"Scottsboro, AL",,,,,,,51736.0
399,"Scottsdale, AZ",,,,,,92.10%,
312,"Scranton--Wilkes-Barre--Hazleton, PA","20,782",5.4,"13,681","2,691,549,977",821,,555485.0
1093,"Searcy, AR",,,,,,,78727.0
440,"Seattle, WA",,,,,,87.80%,
637,"Seattle-Bellevue-Everett, WA Metro Division",,,,,,,3048064.0
313,"Seattle-Tacoma-Bellevue, WA","312,587",3.6,"135,080","40,252,078,387","1,542",,3939363.0
314,"Sebastian-Vero Beach, FL","4,709",4.2,"5,124","516,538,920",777,,157413.0
315,"Sebring, FL","1,810",5.2,"2,347","229,107,144",663,,105424.0
1094,"Sedalia, MO",,,,,,,42542.0
1095,"Selinsgrove, PA",,,,,,,40540.0
1096,"Selma, AL",,,,,,,38310.0
1098,"Seneca Falls, NY",,,,,,,34300.0
1097,"Seneca, SC",,,,,,,78374.0
1099,"Sevierville, TN",,,,,,,97892.0
1100,"Seymour, IN",,,,,,,44111.0
1101,"Shawano, WI",,,,,,,45454.0
1102,"Shawnee, OK",,,,,,,72679.0
316,"Sheboygan, WI","5,878",2.8,"2,895","736,491,065",908,,115456.0
1103,"Shelby, NC",,,,,,,97645.0
1104,"Shelbyville, TN",,,,,,,49038.0
1105,"Shelton, WA",,,,,,,65507.0
1106,"Sheridan, WY",,,,,,,30233.0
317,"Sherman-Denison, TX","3,933",3.2,"3,110","498,114,299",820,,133991.0
1107,"Show Low, AZ",,,,,,,110445.0
588,"Shreveport, LA",,,,,,67.90%,
318,"Shreveport-Bossier City, LA","20,198",5.5,"11,669","1,855,767,558",817,,436341.0
1108,"Sidney, OH",,,,,,,48627.0
319,"Sierra Vista-Douglas, AZ","3,511",6.8,"2,284","394,971,524",907,,126770.0
1109,"Sikeston, MO",,,,,,,38458.0
1110,"Silver City, NM",,,,,,,27346.0
639,"Silver Spring-Frederick-Rockville, MD Metro Division",,,,,,,1308215.0
454,"Simi Valley, CA",,,,,,85.80%,
320,"Sioux City, IA-NE-SD","8,454",2.7,"5,437","955,754,338",829,,169045.0
321,"Sioux Falls, SD","16,016",2.1,"9,957","1,848,663,215",925,82.20%,265653.0
1111,"Snyder, TX",,,,,,,16866.0
1112,"Somerset, KY",,,,,,,64623.0
1113,"Somerset, PA",,,,,,,73952.0
1114,"Sonora, CA",,,,,,,54539.0
586,"South Bend, IN",,,,,,68.70%,
322,"South Bend-Mishawaka, IN-MI","12,231",4.2,"6,496","1,451,580,156",844,,322424.0
323,"Spartanburg, SC","13,794",3.1,"6,889","1,649,529,379",857,,341298.0
1115,"Spearfish, SD",,,,,,,25741.0
1116,"Spencer, IA",,,,,,,16134.0
1117,"Spirit Lake, IA",,,,,,,17153.0
505,"Spokane, WA",,,,,,80.30%,
324,"Spokane-Spokane Valley, WA","21,999",5.7,"18,010","2,822,464,197",909,,573493.0
325,"Springfield, IL","8,812",3.9,"5,031","1,780,266,068","1,032",82.70%,207636.0
390,"Springfield, MA",,,"23,534","3,308,798,205",925,69.40%,631761.0
326,"Springfield, MO","16,863",3.0,"12,748","2,064,865,695",793,72.70%,466978.0
327,"Springfield, OH","3,914",4.9,"2,499","479,492,146",774,,134585.0
294,"St. Cloud, MN","8,825",3.0,"5,379","1,222,135,158",897,,199801.0
295,"St. George, UT","4,705",3.4,"6,033","621,256,750",703,,171700.0
296,"St. Joseph, MO-KS","4,772",3.5,"3,275","565,515,018",797,,126490.0
587,"St. Louis, MO",,,,,,68.10%,
387,"St. Louis, MO-IL",,,"85,949","16,902,881,709",981,,2805465.0
1082,"St. Marys, GA",,,,,,,53677.0
1083,"St. Marys, PA",,,,,,,30169.0
497,"St. Paul, MN",,,,,,81.40%,
533,"St. Petersburg, FL",,,,,,77.80%,
485,"Stamford, CT",,,,,,83.30%,
1118,"Starkville, MS",,,,,,,49599.0
328,"State College, PA","8,091",3.7,"3,604","882,197,414",983,,162805.0
1119,"Statesboro, GA",,,,,,,77296.0
329,"Staunton-Waynesboro, VA","4,449",2.6,"3,573","500,781,556",795,,123007.0
1120,"Steamboat Springs, CO",,,,,,,25733.0
1121,"Stephenville, TX",,,,,,,42446.0
467,"Sterling Heights, MI",,,,,,84.70%,
1122,"Sterling, CO",,,,,,,21528.0
1123,"Sterling, IL",,,,,,,55626.0
1124,"Stevens Point, WI",,,,,,,70942.0
1125,"Stillwater, OK",,,,,,,82040.0
569,"Stockton, CA",,,,,,72.50%,
330,"Stockton-Lodi, CA","23,556",6.3,"18,153","2,969,350,754",896,,752660.0
1126,"Storm Lake, IA",,,,,,,19874.0
1127,"Sturgis, MI",,,,,,,61043.0
1128,"Sulphur Springs, TX",,,,,,,36810.0
1129,"Summerville, GA",,,,,,,24790.0
1130,"Summit Park, UT",,,,,,,41933.0
331,"Sumter, SC","3,367",3.8,"2,042","358,213,635",731,,106512.0
1131,"Sunbury, PA",,,,,,,91083.0
403,"Sunnyvale, CA",,,,,,92%,
402,"Surprise, AZ",,,,,,92%,
1132,"Susanville, CA",,,,,,,30802.0
1133,"Sweetwater, TX",,,,,,,14751.0
332,"Syracuse, NY","29,234",4.1,"16,719","3,639,177,798",936,68.80%,650502.0
539,"Tacoma, WA",,,,,,77.30%,
638,"Tacoma-Lakewood, WA Metro Division",,,,,,,891299.0
1134,"Tahlequah, OK",,,,,,,48675.0
1135,"Talladega-Sylacauga, AL",,,,,,,90543.0
333,"Tallahassee, FL","13,834",3.6,"10,441","1,871,994,580",840,85.90%,385145.0
535,"Tampa, FL",,,,,,77.60%,
334,"Tampa-St. Petersburg-Clearwater, FL","127,432",3.4,"91,631","15,473,745,819",937,,3142663.0
1136,"Taos, NM",,,,,,,32835.0
1137,"Taylorville, IL",,,,,,,32661.0
424,"Temecula, CA",,,,,,89.50%,
435,"Tempe, AZ",,,,,,88.40%,
335,"Terre Haute, IN","5,626",4.4,"3,579","649,117,300",761,,169725.0
336,"Texarkana, TX-AR","4,641",4.7,"3,539","570,399,386",767,,150242.0
1138,"The Dalles, OR",,,,,,,26505.0
337,"The Villages, FL","2,416",4.8,"1,894","295,696,557",774,,128754.0
411,"The Woodlands, TX",,,,,,90.90%,
1139,"Thomaston, GA",,,,,,,26215.0
1140,"Thomasville, GA",,,,,,,44448.0
432,"Thornton, CO",,,,,,88.40%,
426,"Thousand Oaks, CA",,,,,,89.30%,
1141,"Tiffin, OH",,,,,,,55207.0
1142,"Tifton, GA",,,,,,,40571.0
1143,"Toccoa, GA",,,,,,,26035.0
338,"Toledo, OH","28,300",4.7,"14,291","3,437,533,928",901,70.20%,602871.0
339,"Topeka, KS","9,205",3.7,"6,304","1,165,138,021",829,73.50%,232594.0
408,"Torrance, CA",,,,,,91.20%,
1144,"Torrington, CT",,,,,,,181111.0
1145,"Traverse City, MI",,,,,,,149914.0
340,"Trenton, NJ","25,759",3.3,"11,056","4,032,677,854","1,238",,369811.0
1146,"Troy, AL",,,,,,,33338.0
1147,"Truckee-Grass Valley, CA",,,,,,,99696.0
341,"Tucson, AZ","33,841",5.3,"18,704","4,252,624,549",900,78%,1039073.0
1148,"Tullahoma-Manchester, TN",,,,,,,104001.0
342,"Tulsa, OK","54,921",3.3,"28,324","5,118,780,386",920,73.80%,993797.0
1149,"Tupelo, MS",,,,,,,140552.0
343,"Tuscaloosa, AL","10,198",3.1,"5,224","1,116,526,186",850,,243575.0
344,"Twin Falls, ID","3,669",2.7,,,,,110096.0
345,"Tyler, TX","14,594",3.5,"6,451","1,146,293,239",849,79.40%,230221.0
1150,"Ukiah, CA",,,,,,,87606.0
1151,"Union City, TN-KY",,,,,,,36387.0
346,"Urban Honolulu, HI","57,861",2.5,"26,423","6,193,025,405","1,015",79.20%,980080.0
1152,"Urbana, OH",,,,,,,38754.0
347,"Utica-Rome, NY","9,537",4.2,"6,520","1,246,619,159",795,,291410.0
1153,"Uvalde, TX",,,,,,,26846.0
348,"Valdosta, GA","4,378",3.8,"3,257","498,449,436",707,,146174.0
511,"Vallejo, CA",,,,,,79.90%,
349,"Vallejo-Fairfield, CA","17,818",4.2,"11,686","2,010,764,412","1,093",,446610.0
1154,"Valley, AL",,,,,,,33615.0
1155,"Van Wert, OH",,,,,,,28281.0
487,"Vancouver, WA",,,,,,83.10%,
1156,"Vermillion, SD",,,,,,,14041.0
1157,"Vernal, UT",,,,,,,35438.0
1158,"Vernon, TX",,,,,,,12820.0
1159,"Vicksburg, MS",,,,,,,55178.0
350,"Victoria, TX","4,545",3.6,"2,655","454,507,760",865,,99619.0
550,"Victorville, CA",,,,,,76.20%,
1160,"Vidalia, GA",,,,,,,36080.0
1161,"Vincennes, IN",,,,,,,36895.0
351,"Vineland-Bridgeton, NJ","4,988",5.3,"3,132","644,976,675",859,,150972.0
1162,"Vineyard Haven, MA",,,,,,,17352.0
423,"Virginia Beach, VA",,,,,,89.50%,
352,"Virginia Beach-Norfolk-Newport News, VA-NC","81,821",3.1,"42,476","8,586,404,341",877,,1728733.0
504,"Visalia, CA",,,,,,80.70%,
353,"Visalia-Porterville, CA","13,582",10.0,"10,951","1,621,259,472",753,,465861.0
1163,"Wabash, IN",,,,,,,31280.0
354,"Waco, TX","10,676",3.7,"5,647","1,317,858,942",867,71.20%,271942.0
1164,"Wahpeton, ND-MN",,,,,,,22493.0
355,"Walla Walla, WA","2,481",5.3,"2,352","336,237,921",844,,64981.0
1165,"Wapakoneta, OH",,,,,,,45804.0
356,"Warner Robins, GA","6,106",3.7,"3,364","795,172,645",831,,193835.0
578,"Warren, MI",,,,,,70.50%,
1166,"Warren, PA",,,,,,,39498.0
619,"Warren-Troy-Farmington Hills, MI Metro Division",,,,,,,2572549.0
1167,"Warrensburg, MO",,,,,,,53652.0
1168,"Warsaw, IN",,,,,,,79344.0
1171,"Washington Court House, OH",,,,,,,28666.0
1169,"Washington, IN",,,,,,,33147.0
1170,"Washington, NC",,,,,,,47079.0
357,"Washington-Arlington-Alexandria, DC-VA-MD-WV","460,026",3.3,"194,511","58,421,146,511","1,427",,6249950.0
640,"Washington-Arlington-Alexandria, DC-VA-MD-WV Metro Division",,,,,,,4941735.0
593,"Waterbury, CT",,,,,,66.30%,
358,"Waterloo-Cedar Falls, IA","8,609",3.3,"4,942","981,503,848",852,,169659.0
1172,"Watertown, SD",,,,,,,28015.0
1173,"Watertown-Fort Atkinson, WI",,,,,,,85129.0
359,"Watertown-Fort Drum, NY","5,172",4.7,"2,858","422,138,059",790,,111755.0
1174,"Wauchula, FL",,,,,,,27245.0
360,"Wausau, WI","7,119",3.0,"3,552","834,504,315",900,,135428.0
1175,"Waycross, GA",,,,,,,55069.0
1176,"Weatherford, OK",,,,,,,29036.0
361,"Weirton-Steubenville, WV-OH","3,703",5.8,"2,530","377,220,814",776,,117064.0
362,"Wenatchee, WA","4,563",4.0,"4,704","632,791,258",742,,119943.0
451,"West Covina, CA",,,,,,86.20%,
412,"West Jordan, UT",,,,,,90.80%,
575,"West Palm Beach, FL",,,,,,71.30%,
625,"West Palm Beach-Boca Raton-Delray Beach, FL Metro Division",,,,,,,1485941.0
1177,"West Plains, MO",,,,,,,40076.0
1178,"West Point, MS",,,,,,,19386.0
463,"West Valley City, UT",,,,,,85.10%,
453,"Westminster, CO",,,,,,86.10%,
363,"Wheeling, WV-OH","7,130",4.7,"3,779","835,290,972",984,,140045.0
1179,"Whitewater-Elkhorn, WI",,,,,,,103718.0
365,"Wichita Falls, TX","6,483",3.5,"3,722","573,445,378",764,78.60%,151306.0
364,"Wichita, KS","29,610",4.0,"15,611","3,230,506,735",857,73.40%,644888.0
366,"Williamsport, PA","4,386",4.5,"3,132","563,222,124",848,,113664.0
1180,"Williston, ND",,,,,,,35350.0
1181,"Willmar, MN",,,,,,,42855.0
633,"Wilmington, DE-MD-NJ Metro Division",,,,,,,724768.0
367,"Wilmington, NC","12,203",4.0,"9,550","1,390,241,923",844,81.40%,294436.0
1182,"Wilmington, OH",,,,,,,42057.0
1183,"Wilson, NC",,,,,,,81455.0
368,"Winchester, VA-WV","5,833",2.7,"3,968","705,570,917",883,,139810.0
1184,"Winnemucca, NV",,,,,,,16786.0
1185,"Winona, MN",,,,,,,50825.0
369,"Winston-Salem, NC","25,263",4.2,"14,186","2,966,578,705",882,74.30%,671456.0
1186,"Wisconsin Rapids-Marshfield, WI",,,,,,,73055.0
1187,"Woodward, OK",,,,,,,20222.0
1188,"Wooster, OH",,,,,,,115967.0
512,"Worcester, MA",,,,,,79.80%,
370,"Worcester, MA-CT","38,197",3.3,"28,975","5,123,638,700","1,019",,947866.0
1189,"Worthington, MN",,,,,,,21924.0
371,"Yakima, WA","8,420",6.1,"7,860","1,240,852,019",766,,251446.0
1190,"Yankton, SD",,,,,,,22869.0
507,"Yonkers, NY",,,,,,80.20%,
372,"York-Hanover, PA","16,900",4.2,"9,159","2,123,585,887",914,,448273.0
373,"Youngstown-Warren-Boardman, OH-PA","17,258",6.1,"13,116","2,115,181,064",777,,538952.0
374,"Yuba City, CA","5,105",6.7,"4,993","555,339,551",845,,174848.0
375,"Yuma, AZ","6,175",22.1,"3,224","581,157,273",762,,212128.0
1191,"Zanesville, OH",,,,,,,86183.0
1192,"Zapata, TX",,,,,,,14190.0
